fold,epoch,acc,f1,roc_auc,val_loss
fold1,1,0.5425,0.1643835616438356,0.773575,5.435585675487146
fold1,2,0.77,0.7513513513513513,0.86835,0.5399011838436126
fold1,3,0.83,0.8121546961325967,0.9077750000000001,0.4142255160212517
fold1,4,0.85,0.8429319371727748,0.9336875,0.5255331939458847
fold1,5,0.865,0.8663366336633663,0.9359000000000001,0.3335558640956879
fold1,6,0.82,0.7857142857142857,0.95,0.5222871521674096
fold1,7,0.8375,0.8104956268221575,0.935725,0.6441407039016486
fold1,8,0.79,0.8227848101265823,0.94265,0.5137110911309719
fold1,9,0.895,0.8975609756097561,0.9705250000000001,0.23133222967386247
fold1,10,0.9075,0.905852417302799,0.972075,0.2272355867922306
fold1,11,0.9225,0.9245742092457421,0.976075,0.20373422354459764
fold1,12,0.9225,0.9226932668329177,0.9785,0.19632988546043634
fold1,13,0.9225,0.9203084832904884,0.97745,0.21462383246980607
fold1,14,0.9225,0.9198966408268734,0.9803000000000001,0.20462508015334607
fold1,15,0.93,0.9313725490196079,0.980625,0.20145017510280014
fold1,16,0.93,0.9292929292929293,0.9807750000000001,0.2029296856606379
fold1,17,0.9275,0.9269521410579346,0.98145,0.19067910891957582
fold1,18,0.9275,0.9287469287469288,0.981125,0.19753624739125372
fold1,19,0.9275,0.9287469287469288,0.980925,0.19811184103600682
fold1,20,0.93,0.9303482587064676,0.9812500000000001,0.19923640036024154
fold2,1,0.6725,0.5166051660516605,0.877675,0.5395934104919433
fold2,2,0.75,0.6688741721854304,0.9172750000000001,0.4877623727917671
fold2,3,0.865,0.8615384615384616,0.93725,0.3199455386400223
fold2,4,0.7725,0.813141683778234,0.9566749999999999,0.5698601577663794
fold2,5,0.8125,0.8407643312101911,0.971675,0.6293066057306714
fold2,6,0.8725,0.8848758465011287,0.977425,0.27094831263646485
fold2,7,0.885,0.882051282051282,0.95845,0.2699451768398285
fold2,8,0.86,0.8755555555555555,0.973625,0.3810532893659547
fold2,9,0.9175,0.920863309352518,0.9836500000000001,0.20303287643939258
fold2,10,0.8825,0.8939051918735892,0.9831749999999999,0.3147923532623099
fold2,11,0.92,0.9238095238095239,0.9810500000000001,0.236193377696909
fold2,12,0.9125,0.9164677804295943,0.9799749999999999,0.23885024549439549
fold2,13,0.94,0.94,0.9884,0.1410951801389456
fold2,14,0.945,0.9458128078817734,0.98855,0.1508321436762344
fold2,15,0.9525,0.9521410579345088,0.98955,0.13535194248426705
fold2,16,0.9475,0.9468354430379747,0.9915,0.13526314626447855
fold2,17,0.945,0.945273631840796,0.9908250000000001,0.1401765664649429
fold2,18,0.9525,0.9516539440203562,0.991775,0.13773019694519462
fold2,19,0.9425,0.942643391521197,0.991425,0.1457330628670752
fold2,20,0.945,0.945,0.991575,0.13754762564320117
fold3,1,0.7475,0.7770419426048565,0.8804749999999999,0.5228618785738945
fold3,2,0.73,0.6375838926174496,0.883475,0.571447703242302
fold3,3,0.88,0.8709677419354839,0.9463,0.3501223857700825
fold3,4,0.7725,0.813141683778234,0.9345,1.0458399549755253
fold3,5,0.87,0.8773584905660378,0.949275,0.3532595903426409
fold3,6,0.88,0.8723404255319149,0.9550249999999999,0.3160727287456393
fold3,7,0.835,0.8035714285714286,0.9621999999999998,0.5159508363157511
fold3,8,0.88,0.8878504672897196,0.968,0.2918024767935276
fold3,9,0.9175,0.9177057356608479,0.96405,0.27109434142708777
fold3,10,0.9075,0.9053708439897699,0.9532250000000001,0.3213955395296216
fold3,11,0.825,0.8471615720524017,0.9592,0.5319652444380335
fold3,12,0.92,0.9162303664921466,0.9620999999999998,0.3550935333035886
fold3,13,0.9125,0.913151364764268,0.9712999999999999,0.2701466857269406
fold3,14,0.935,0.9333333333333333,0.9726499999999999,0.26284606160596014
fold3,15,0.925,0.925,0.9730749999999999,0.2589090588316321
fold3,16,0.935,0.9343434343434344,0.97345,0.27363937623798845
fold3,17,0.9375,0.9360613810741688,0.9732999999999999,0.2718859249050729
fold3,18,0.93,0.93,0.9725250000000001,0.2803436708962545
fold3,19,0.935,0.9343434343434344,0.9724750000000001,0.2833496944932267
fold3,20,0.94,0.9390862944162437,0.972775,0.26997156352736057
fold4,1,0.7575,0.7138643067846607,0.839725,0.8030647811293602
fold4,2,0.87,0.8624338624338624,0.94085,0.3281568750739098
fold4,3,0.81,0.831858407079646,0.9457249999999999,0.3903957249969244
fold4,4,0.8725,0.8688946015424165,0.9348249999999999,0.33800698339939117
fold4,5,0.89,0.8967136150234741,0.9619,0.28966292679309846
fold4,6,0.8725,0.8832951945080092,0.96675,0.2962673495709896
fold4,7,0.88,0.883495145631068,0.952075,0.3016522514820099
fold4,8,0.9075,0.9018567639257294,0.9668,0.26563175484538076
fold4,9,0.8475,0.8629213483146068,0.9671000000000001,0.3685843682382256
fold4,10,0.9375,0.9360613810741688,0.97365,0.22146940384060143
fold4,11,0.9025,0.908235294117647,0.97555,0.24809609662741422
fold4,12,0.87,0.8807339449541285,0.9692000000000001,0.3886737879971042
fold4,13,0.915,0.9109947643979057,0.9718999999999999,0.2737992415204644
fold4,14,0.935,0.935,0.98505,0.16276673804968594
fold4,15,0.9475,0.9465648854961832,0.9870249999999999,0.15446909671649336
fold4,16,0.94,0.9390862944162437,0.987925,0.14759090445935727
fold4,17,0.9525,0.9514066496163683,0.9871500000000001,0.14781899749301375
fold4,18,0.9375,0.9370277078085643,0.9859749999999999,0.15544634281657635
fold4,19,0.94,0.94,0.986975,0.17268022306496278
fold4,20,0.94,0.9396984924623115,0.9864250000000001,0.16861712528392672
fold5,1,0.7575,0.7991718426501035,0.9148,0.8276308925449848
fold5,2,0.8425,0.8481927710843373,0.93575,0.35431291073560717
fold5,3,0.8175,0.8402625820568927,0.9557749999999999,0.3946926398575306
fold5,4,0.8925,0.8821917808219178,0.9649500000000001,0.31426222927868364
fold5,5,0.905,0.9020618556701031,0.965625,0.24238604605197905
fold5,6,0.8175,0.8436830835117773,0.970475,0.4442289666086435
fold5,7,0.865,0.8608247422680413,0.9554,0.3513277948647737
fold5,8,0.83,0.8528138528138528,0.9745250000000001,0.39925111828371884
fold5,9,0.9375,0.9363867684478372,0.98005,0.1804160625487566
fold5,10,0.945,0.9432989690721649,0.981675,0.17255233474075793
fold5,11,0.945,0.945,0.98205,0.17039413921535015
fold5,12,0.9475,0.9457364341085271,0.983225,0.1735599160939455
fold5,13,0.95,0.9487179487179487,0.980125,0.19736796021461486
fold5,14,0.95,0.949238578680203,0.9822,0.1811929545737803
fold5,15,0.9525,0.9514066496163683,0.982375,0.19066112589091064
fold5,16,0.9525,0.9514066496163683,0.9832749999999999,0.18332763184793294
